#
# Dumping data for TABLE zvs_salutation
#
INSERT INTO zvs_salutation (pk_salutation_id, salutation_de, salutation_com, salutation_it) VALUES (1, 'n/a', 'n/a', 'n/a');
INSERT INTO zvs_salutation (pk_salutation_id, salutation_de, salutation_com, salutation_it) VALUES (2, 'Herr', 'Mr.', 'Signore');
INSERT INTO zvs_salutation (pk_salutation_id, salutation_de, salutation_com, salutation_it) VALUES (3, 'Frau', 'Mrs.', 'Signora');
INSERT INTO zvs_salutation (pk_salutation_id, salutation_de, salutation_com, salutation_it) VALUES (4, 'Familie', 'Family', 'Famiglia');
INSERT INTO _sequence_zvs_pk_salutation_id (sequence) VALUES (4);


#
# Dumping data for TABLE zvs_language
#
INSERT INTO zvs_language (pk_language_id, language_de, language_com, language_it) VALUES (1, 'n/a', 'n/a', 'n/a');
INSERT INTO zvs_language (pk_language_id, language_de, language_com, language_it) VALUES (2, 'Deutsch', 'GERMAN', 'Tedesco');
INSERT INTO zvs_language (pk_language_id, language_de, language_com, language_it) VALUES (3, 'Englisch', 'ENGLISH', 'Inglese');
INSERT INTO zvs_language (pk_language_id, language_de, language_com, language_it) VALUES (4, 'Italienisch', 'ITALIANO', 'Italiano');
INSERT INTO _sequence_zvs_pk_language_id (sequence) VALUES (4);


#
# Dumping data for TABLE zvs_country
#
INSERT INTO zvs_country (pk_country_id, country_de, country_com) VALUES ('--', 'n/a', 'n/a');
INSERT INTO zvs_country (pk_country_id, country_de, country_com) VALUES ('AF', 'Afghanistan', 'AFGHANISTAN');
INSERT INTO zvs_country (pk_country_id, country_de, country_com) VALUES ('AL', 'Albanien', 'ALBANIA');
INSERT INTO zvs_country (pk_country_id, country_de, country_com) VALUES ('DZ', 'Algerien', 'ALGERIA');
INSERT INTO zvs_country (pk_country_id, country_de, country_com) VALUES ('AS', 'Amerikanisch Samoa', 'AMERICAN SAMOA');
INSERT INTO zvs_country (pk_country_id, country_de, country_com) VALUES ('AD', 'Andorra', 'ANDORRA');
INSERT INTO zvs_country (pk_country_id, country_de, country_com) VALUES ('AO', 'Angola', 'ANGOLA');
INSERT INTO zvs_country (pk_country_id, country_de, country_com) VALUES ('AI', 'Anguilla', 'ANGUILLA');
INSERT INTO zvs_country (pk_country_id, country_de, country_com) VALUES ('AQ', 'Antarctica', 'ANTARCTICA');
INSERT INTO zvs_country (pk_country_id, country_de, country_com) VALUES ('AG', 'Antigua und Barbuda', 'ANTIGUA AND BARBUDA');
INSERT INTO zvs_country (pk_country_id, country_de, country_com) VALUES ('AR', 'Argentinien', 'ARGENTINA');
INSERT INTO zvs_country (pk_country_id, country_de, country_com) VALUES ('AM', 'Armenien', 'ARMENIA');
INSERT INTO zvs_country (pk_country_id, country_de, country_com) VALUES ('AW', 'Aruba', 'ARUBA');
INSERT INTO zvs_country (pk_country_id, country_de, country_com) VALUES ('AU', 'Australien', 'AUSTRALIA');
INSERT INTO zvs_country (pk_country_id, country_de, country_com) VALUES ('AT', 'Österreich', 'AUSTRIA');
INSERT INTO zvs_country (pk_country_id, country_de, country_com) VALUES ('AZ', 'Aserbaidschan', 'AZERBAIJAN');
INSERT INTO zvs_country (pk_country_id, country_de, country_com) VALUES ('BS', 'Bahamas', 'BAHAMAS');
INSERT INTO zvs_country (pk_country_id, country_de, country_com) VALUES ('BH', 'Bahrain', 'BAHRAIN');
INSERT INTO zvs_country (pk_country_id, country_de, country_com) VALUES ('BD', 'Bangladesh', 'BANGLADESH');
INSERT INTO zvs_country (pk_country_id, country_de, country_com) VALUES ('BB', 'Barbados', 'BARBADOS');
INSERT INTO zvs_country (pk_country_id, country_de, country_com) VALUES ('BY', 'Weißrussland', 'BELARUS');
INSERT INTO zvs_country (pk_country_id, country_de, country_com) VALUES ('BE', 'Belgien', 'BELGIUM');
INSERT INTO zvs_country (pk_country_id, country_de, country_com) VALUES ('BZ', 'Belize', 'BELIZE');
INSERT INTO zvs_country (pk_country_id, country_de, country_com) VALUES ('BJ', 'Benin', 'BENIN');
INSERT INTO zvs_country (pk_country_id, country_de, country_com) VALUES ('BM', 'Bermuda', 'BERMUDA');
INSERT INTO zvs_country (pk_country_id, country_de, country_com) VALUES ('BT', 'Bhutan', 'BHUTAN');
INSERT INTO zvs_country (pk_country_id, country_de, country_com) VALUES ('BO', 'Bolivien', 'BOLIVIA');
INSERT INTO zvs_country (pk_country_id, country_de, country_com) VALUES ('BA', 'Bosnien-Herzegowina', 'BOSNIA AND HERZEGOVINA');
INSERT INTO zvs_country (pk_country_id, country_de, country_com) VALUES ('BW', 'Botswana', 'BOTSWANA');
INSERT INTO zvs_country (pk_country_id, country_de, country_com) VALUES ('BV', 'Bouvet Island', 'BOUVET ISLAND');
INSERT INTO zvs_country (pk_country_id, country_de, country_com) VALUES ('BR', 'Brasilien', 'BRAZIL');
INSERT INTO zvs_country (pk_country_id, country_de, country_com) VALUES ('IO', 'British Indian Ocean Territory', 'BRITISH INDIAN OCEAN TERRITORY');
INSERT INTO zvs_country (pk_country_id, country_de, country_com) VALUES ('BN', 'Brunei Darussalam', 'BRUNEI DARUSSALAM');
INSERT INTO zvs_country (pk_country_id, country_de, country_com) VALUES ('BG', 'Bulgarien', 'BULGARIA');
INSERT INTO zvs_country (pk_country_id, country_de, country_com) VALUES ('BF', 'Burkina Faso', 'BURKINA FASO');
INSERT INTO zvs_country (pk_country_id, country_de, country_com) VALUES ('BI', 'Burundi', 'BURUNDI');
INSERT INTO zvs_country (pk_country_id, country_de, country_com) VALUES ('KH', 'Kambodscha', 'CAMBODIA');
INSERT INTO zvs_country (pk_country_id, country_de, country_com) VALUES ('CM', 'Kamerun', 'CAMEROON');
INSERT INTO zvs_country (pk_country_id, country_de, country_com) VALUES ('CA', 'Kanada', 'CANADA');
INSERT INTO zvs_country (pk_country_id, country_de, country_com) VALUES ('CV', 'Kap Verde', 'CAPE VERDE');
INSERT INTO zvs_country (pk_country_id, country_de, country_com) VALUES ('KY', 'Cayman Islands', 'CAYMAN ISLANDS');
INSERT INTO zvs_country (pk_country_id, country_de, country_com) VALUES ('CF', 'Zentralafrika', 'CENTRAL AFRICAN REPUBLIC');
INSERT INTO zvs_country (pk_country_id, country_de, country_com) VALUES ('TD', 'Tschad', 'CHAD');
INSERT INTO zvs_country (pk_country_id, country_de, country_com) VALUES ('CL', 'Chile', 'CHILE');
INSERT INTO zvs_country (pk_country_id, country_de, country_com) VALUES ('CN', 'China', 'CHINA');
INSERT INTO zvs_country (pk_country_id, country_de, country_com) VALUES ('CX', 'Weihnachtsinsel', 'CHRISTMAS ISLAND');
INSERT INTO zvs_country (pk_country_id, country_de, country_com) VALUES ('CC', 'Cocos (Keeling) Islands', 'COCOS (KEELING) ISLANDS');
INSERT INTO zvs_country (pk_country_id, country_de, country_com) VALUES ('CO', 'Kolumbien', 'COLOMBIA');
INSERT INTO zvs_country (pk_country_id, country_de, country_com) VALUES ('KM', 'Comoros', 'COMOROS');
INSERT INTO zvs_country (pk_country_id, country_de, country_com) VALUES ('CG', 'Kongo', 'CONGO');
INSERT INTO zvs_country (pk_country_id, country_de, country_com) VALUES ('CD', 'Kongo, Demokratische Republik', 'CONGO, THE DEMOCRATIC REPUBLIC OF THE');
INSERT INTO zvs_country (pk_country_id, country_de, country_com) VALUES ('CK', 'Cook Islands', 'COOK ISLANDS');
INSERT INTO zvs_country (pk_country_id, country_de, country_com) VALUES ('CR', 'Costa Rica', 'COSTA RICA');
INSERT INTO zvs_country (pk_country_id, country_de, country_com) VALUES ('CI', 'Cote D\'Ivoire', 'COTE D\'IVOIRE');
INSERT INTO zvs_country (pk_country_id, country_de, country_com) VALUES ('HR', 'Kroatien', 'CROATIA');
INSERT INTO zvs_country (pk_country_id, country_de, country_com) VALUES ('CU', 'Kuba', 'CUBA');
INSERT INTO zvs_country (pk_country_id, country_de, country_com) VALUES ('CY', 'Zypern', 'CYPRUS');
INSERT INTO zvs_country (pk_country_id, country_de, country_com) VALUES ('CZ', 'Tschechische Republik', 'CZECH REPUBLIC');
INSERT INTO zvs_country (pk_country_id, country_de, country_com) VALUES ('DK', 'Dänemark', 'DENMARK');
INSERT INTO zvs_country (pk_country_id, country_de, country_com) VALUES ('DJ', 'Djibouti', 'DJIBOUTI');
INSERT INTO zvs_country (pk_country_id, country_de, country_com) VALUES ('DM', 'Dominica', 'DOMINICA');
INSERT INTO zvs_country (pk_country_id, country_de, country_com) VALUES ('DO', 'Dominican Republic', 'DOMINICAN REPUBLIC');
INSERT INTO zvs_country (pk_country_id, country_de, country_com) VALUES ('TP', 'Ost Timor', 'EAST TIMOR');
INSERT INTO zvs_country (pk_country_id, country_de, country_com) VALUES ('EC', 'Ecuador', 'ECUADOR');
INSERT INTO zvs_country (pk_country_id, country_de, country_com) VALUES ('EG', 'Ägypten', 'EGYPT');
INSERT INTO zvs_country (pk_country_id, country_de, country_com) VALUES ('SV', 'El Salvador', 'EL SALVADOR');
INSERT INTO zvs_country (pk_country_id, country_de, country_com) VALUES ('GQ', 'Equatorial Guinea', 'EQUATORIAL GUINEA');
INSERT INTO zvs_country (pk_country_id, country_de, country_com) VALUES ('ER', 'Eritrea', 'ERITREA');
INSERT INTO zvs_country (pk_country_id, country_de, country_com) VALUES ('EE', 'Estland', 'ESTONIA');
INSERT INTO zvs_country (pk_country_id, country_de, country_com) VALUES ('ET', 'Äthiopien', 'ETHIOPIA');
INSERT INTO zvs_country (pk_country_id, country_de, country_com) VALUES ('FK', 'Falkland Inseln', 'FALKLAND ISLANDS (MALVINAS)');
INSERT INTO zvs_country (pk_country_id, country_de, country_com) VALUES ('FO', 'Faroe Islands', 'FAROE ISLANDS');
INSERT INTO zvs_country (pk_country_id, country_de, country_com) VALUES ('FJ', 'Fidschi', 'FIJI');
INSERT INTO zvs_country (pk_country_id, country_de, country_com) VALUES ('FI', 'Finnland', 'FINLAND');
INSERT INTO zvs_country (pk_country_id, country_de, country_com) VALUES ('FR', 'Frankreich', 'FRANCE');
INSERT INTO zvs_country (pk_country_id, country_de, country_com) VALUES ('GF', 'Französisch Guinea', 'FRENCH GUIANA');
INSERT INTO zvs_country (pk_country_id, country_de, country_com) VALUES ('PF', 'Französisch Polynesien', 'FRENCH POLYNESIA');
INSERT INTO zvs_country (pk_country_id, country_de, country_com) VALUES ('TF', 'French Southern Territories', 'FRENCH SOUTHERN TERRITORIES');
INSERT INTO zvs_country (pk_country_id, country_de, country_com) VALUES ('GA', 'Gabon', 'GABON');
INSERT INTO zvs_country (pk_country_id, country_de, country_com) VALUES ('GM', 'Gambia', 'GAMBIA');
INSERT INTO zvs_country (pk_country_id, country_de, country_com) VALUES ('GE', 'Georgien', 'GEORGIA');
INSERT INTO zvs_country (pk_country_id, country_de, country_com) VALUES ('DE', 'Deutschland', 'GERMANY');
INSERT INTO zvs_country (pk_country_id, country_de, country_com) VALUES ('GH', 'Ghana', 'GHANA');
INSERT INTO zvs_country (pk_country_id, country_de, country_com) VALUES ('GI', 'Gibraltar', 'GIBRALTAR');
INSERT INTO zvs_country (pk_country_id, country_de, country_com) VALUES ('GR', 'Griechenland', 'GREECE');
INSERT INTO zvs_country (pk_country_id, country_de, country_com) VALUES ('GL', 'Grönland', 'GREENLAND');
INSERT INTO zvs_country (pk_country_id, country_de, country_com) VALUES ('GD', 'Grenada', 'GRENADA');
INSERT INTO zvs_country (pk_country_id, country_de, country_com) VALUES ('GP', 'Guadeloupe', 'GUADELOUPE');
INSERT INTO zvs_country (pk_country_id, country_de, country_com) VALUES ('GU', 'Guam', 'GUAM');
INSERT INTO zvs_country (pk_country_id, country_de, country_com) VALUES ('GT', 'Guatemala', 'GUATEMALA');
INSERT INTO zvs_country (pk_country_id, country_de, country_com) VALUES ('GN', 'Guinea', 'GUINEA');
INSERT INTO zvs_country (pk_country_id, country_de, country_com) VALUES ('GW', 'Guinea-Bissau', 'GUINEA-BISSAU');
INSERT INTO zvs_country (pk_country_id, country_de, country_com) VALUES ('GY', 'Guyana', 'GUYANA');
INSERT INTO zvs_country (pk_country_id, country_de, country_com) VALUES ('HT', 'Haiti', 'HAITI');
INSERT INTO zvs_country (pk_country_id, country_de, country_com) VALUES ('HM', 'Heard Island And MCDonald Islands', 'HEARD ISLAND AND MCDONALD ISLANDS');
INSERT INTO zvs_country (pk_country_id, country_de, country_com) VALUES ('VA', 'Vatikanstaat', 'HOLY SEE (VATICAN CITY STATE)');
INSERT INTO zvs_country (pk_country_id, country_de, country_com) VALUES ('HN', 'Honduras', 'HONDURAS');
INSERT INTO zvs_country (pk_country_id, country_de, country_com) VALUES ('HK', 'Hong Kong', 'HONG KONG');
INSERT INTO zvs_country (pk_country_id, country_de, country_com) VALUES ('HU', 'Ungarn', 'HUNGARY');
INSERT INTO zvs_country (pk_country_id, country_de, country_com) VALUES ('IS', 'Island', 'ICELAND');
INSERT INTO zvs_country (pk_country_id, country_de, country_com) VALUES ('IN', 'Indien', 'INDIA');
INSERT INTO zvs_country (pk_country_id, country_de, country_com) VALUES ('ID', 'Indonesien', 'INDONESIA');
INSERT INTO zvs_country (pk_country_id, country_de, country_com) VALUES ('IR', 'Iran', 'IRAN, ISLAMIC REPUBLIC OF');
INSERT INTO zvs_country (pk_country_id, country_de, country_com) VALUES ('IQ', 'Irak', 'IRAQ');
INSERT INTO zvs_country (pk_country_id, country_de, country_com) VALUES ('IE', 'Irland', 'IRELAND');
INSERT INTO zvs_country (pk_country_id, country_de, country_com) VALUES ('IL', 'Israel', 'ISRAEL');
INSERT INTO zvs_country (pk_country_id, country_de, country_com) VALUES ('IT', 'Italien', 'ITALY');
INSERT INTO zvs_country (pk_country_id, country_de, country_com) VALUES ('JM', 'Jamaika', 'JAMAICA');
INSERT INTO zvs_country (pk_country_id, country_de, country_com) VALUES ('JP', 'Japan', 'JAPAN');
INSERT INTO zvs_country (pk_country_id, country_de, country_com) VALUES ('JO', 'Jordanien', 'JORDAN');
INSERT INTO zvs_country (pk_country_id, country_de, country_com) VALUES ('KZ', 'Kasachstan', 'KAZAKSTAN');
INSERT INTO zvs_country (pk_country_id, country_de, country_com) VALUES ('KE', 'Kenia', 'KENYA');
INSERT INTO zvs_country (pk_country_id, country_de, country_com) VALUES ('KI', 'Kiribati', 'KIRIBATI');
INSERT INTO zvs_country (pk_country_id, country_de, country_com) VALUES ('KP', 'Korea, Democratic People\'s Republic of', 'KOREA, DEMOCRATIC PEOPLE\'S REPUBLIC OF');
INSERT INTO zvs_country (pk_country_id, country_de, country_com) VALUES ('KR', 'Korea, Republic of', 'KOREA, REPUBLIC OF');
INSERT INTO zvs_country (pk_country_id, country_de, country_com) VALUES ('KW', 'Kuwait', 'KUWAIT');
INSERT INTO zvs_country (pk_country_id, country_de, country_com) VALUES ('KG', 'Kirgisistan', 'KYRGYZSTAN');
INSERT INTO zvs_country (pk_country_id, country_de, country_com) VALUES ('LA', 'Lao People\'s Democratic Republic', 'LAO PEOPLE\'S DEMOCRATIC REPUBLIC');
INSERT INTO zvs_country (pk_country_id, country_de, country_com) VALUES ('LV', 'Lettland', 'LATVIA');
INSERT INTO zvs_country (pk_country_id, country_de, country_com) VALUES ('LB', 'Libanon', 'LEBANON');
INSERT INTO zvs_country (pk_country_id, country_de, country_com) VALUES ('LS', 'Lesotho', 'LESOTHO');
INSERT INTO zvs_country (pk_country_id, country_de, country_com) VALUES ('LR', 'Liberia', 'LIBERIA');
INSERT INTO zvs_country (pk_country_id, country_de, country_com) VALUES ('LY', 'Libyan Arab Jamahiriya', 'LIBYAN ARAB JAMAHIRIYA');
INSERT INTO zvs_country (pk_country_id, country_de, country_com) VALUES ('LI', 'Liechtenstein', 'LIECHTENSTEIN');
INSERT INTO zvs_country (pk_country_id, country_de, country_com) VALUES ('LT', 'Litauen', 'LITHUANIA');
INSERT INTO zvs_country (pk_country_id, country_de, country_com) VALUES ('LU', 'Luxemburg', 'LUXEMBOURG');
INSERT INTO zvs_country (pk_country_id, country_de, country_com) VALUES ('MO', 'Macau', 'MACAU');
INSERT INTO zvs_country (pk_country_id, country_de, country_com) VALUES ('MK', 'Mazedonien', 'MACEDONIA, THE FORMER YUGOSLAV REPUBLIC OF');
INSERT INTO zvs_country (pk_country_id, country_de, country_com) VALUES ('MG', 'Madagascar', 'MADAGASCAR');
INSERT INTO zvs_country (pk_country_id, country_de, country_com) VALUES ('MW', 'Malawi', 'MALAWI');
INSERT INTO zvs_country (pk_country_id, country_de, country_com) VALUES ('MY', 'Malaysia', 'MALAYSIA');
INSERT INTO zvs_country (pk_country_id, country_de, country_com) VALUES ('MV', 'Malediven', 'MALDIVES');
INSERT INTO zvs_country (pk_country_id, country_de, country_com) VALUES ('ML', 'Mali', 'MALI');
INSERT INTO zvs_country (pk_country_id, country_de, country_com) VALUES ('MT', 'Malta', 'MALTA');
INSERT INTO zvs_country (pk_country_id, country_de, country_com) VALUES ('MH', 'Marshall Islands', 'MARSHALL ISLANDS');
INSERT INTO zvs_country (pk_country_id, country_de, country_com) VALUES ('MQ', 'Martinique', 'MARTINIQUE');
INSERT INTO zvs_country (pk_country_id, country_de, country_com) VALUES ('MR', 'Mauretanien', 'MAURITANIA');
INSERT INTO zvs_country (pk_country_id, country_de, country_com) VALUES ('MU', 'Mauritius', 'MAURITIUS');
INSERT INTO zvs_country (pk_country_id, country_de, country_com) VALUES ('YT', 'Mayotte', 'MAYOTTE');
INSERT INTO zvs_country (pk_country_id, country_de, country_com) VALUES ('MX', 'Mexiko', 'MEXICO');
INSERT INTO zvs_country (pk_country_id, country_de, country_com) VALUES ('FM', 'Micronesia, Federated States Of', 'MICRONESIA, FEDERATED STATES OF');
INSERT INTO zvs_country (pk_country_id, country_de, country_com) VALUES ('MD', 'Moldawien', 'MOLDOVA, REPUBLIC OF');
INSERT INTO zvs_country (pk_country_id, country_de, country_com) VALUES ('MC', 'Monaco', 'MONACO');
INSERT INTO zvs_country (pk_country_id, country_de, country_com) VALUES ('MN', 'Mongolei', 'MONGOLIA');
INSERT INTO zvs_country (pk_country_id, country_de, country_com) VALUES ('MS', 'Montserrat', 'MONTSERRAT');
INSERT INTO zvs_country (pk_country_id, country_de, country_com) VALUES ('MA', 'Marokko', 'MOROCCO');
INSERT INTO zvs_country (pk_country_id, country_de, country_com) VALUES ('MZ', 'Mosambik', 'MOZAMBIQUE');
INSERT INTO zvs_country (pk_country_id, country_de, country_com) VALUES ('MM', 'Myanmar', 'MYANMAR');
INSERT INTO zvs_country (pk_country_id, country_de, country_com) VALUES ('NA', 'Namibia', 'NAMIBIA');
INSERT INTO zvs_country (pk_country_id, country_de, country_com) VALUES ('NR', 'Nauru', 'NAURU');
INSERT INTO zvs_country (pk_country_id, country_de, country_com) VALUES ('NP', 'Nepal', 'NEPAL');
INSERT INTO zvs_country (pk_country_id, country_de, country_com) VALUES ('NL', 'Niederlande', 'NETHERLANDS');
INSERT INTO zvs_country (pk_country_id, country_de, country_com) VALUES ('AN', 'Niederländische Antillen', 'NETHERLANDS ANTILLES');
INSERT INTO zvs_country (pk_country_id, country_de, country_com) VALUES ('NC', 'Neu Kaledonien', 'NEW CALEDONIA');
INSERT INTO zvs_country (pk_country_id, country_de, country_com) VALUES ('NZ', 'Neuseeland', 'NEW ZEALAND');
INSERT INTO zvs_country (pk_country_id, country_de, country_com) VALUES ('NI', 'Nikaragua', 'NICARAGUA');
INSERT INTO zvs_country (pk_country_id, country_de, country_com) VALUES ('NE', 'Niger', 'NIGER');
INSERT INTO zvs_country (pk_country_id, country_de, country_com) VALUES ('NG', 'Nigeria', 'NIGERIA');
INSERT INTO zvs_country (pk_country_id, country_de, country_com) VALUES ('NU', 'Niue', 'NIUE');
INSERT INTO zvs_country (pk_country_id, country_de, country_com) VALUES ('NF', 'Norfolk Island', 'NORFOLK ISLAND');
INSERT INTO zvs_country (pk_country_id, country_de, country_com) VALUES ('MP', 'Northern Mariana Islands', 'NORTHERN MARIANA ISLANDS');
INSERT INTO zvs_country (pk_country_id, country_de, country_com) VALUES ('NO', 'Norwegen', 'NORWAY');
INSERT INTO zvs_country (pk_country_id, country_de, country_com) VALUES ('OM', 'Oman', 'OMAN');
INSERT INTO zvs_country (pk_country_id, country_de, country_com) VALUES ('PK', 'Pakistan', 'PAKISTAN');
INSERT INTO zvs_country (pk_country_id, country_de, country_com) VALUES ('PW', 'Palau', 'PALAU');
INSERT INTO zvs_country (pk_country_id, country_de, country_com) VALUES ('PS', 'Palestinian Territory, Occupied', 'PALESTINIAN TERRITORY, OCCUPIED');
INSERT INTO zvs_country (pk_country_id, country_de, country_com) VALUES ('PA', 'Panama', 'PANAMA');
INSERT INTO zvs_country (pk_country_id, country_de, country_com) VALUES ('PG', 'Papua-Neuguinea', 'PAPUA NEW GUINEA');
INSERT INTO zvs_country (pk_country_id, country_de, country_com) VALUES ('PY', 'Paraguay', 'PARAGUAY');
INSERT INTO zvs_country (pk_country_id, country_de, country_com) VALUES ('PE', 'Peru', 'PERU');
INSERT INTO zvs_country (pk_country_id, country_de, country_com) VALUES ('PH', 'Philippinen', 'PHILIPPINES');
INSERT INTO zvs_country (pk_country_id, country_de, country_com) VALUES ('PN', 'Pitcairn', 'PITCAIRN');
INSERT INTO zvs_country (pk_country_id, country_de, country_com) VALUES ('PL', 'Polen', 'POLAND');
INSERT INTO zvs_country (pk_country_id, country_de, country_com) VALUES ('PT', 'Portugal', 'PORTUGAL');
INSERT INTO zvs_country (pk_country_id, country_de, country_com) VALUES ('PR', 'Puerto Rico', 'PUERTO RICO');
INSERT INTO zvs_country (pk_country_id, country_de, country_com) VALUES ('QA', 'Katar', 'QATAR');
INSERT INTO zvs_country (pk_country_id, country_de, country_com) VALUES ('RE', 'Reunion', 'REUNION');
INSERT INTO zvs_country (pk_country_id, country_de, country_com) VALUES ('RO', 'Rumänien', 'ROMANIA');
INSERT INTO zvs_country (pk_country_id, country_de, country_com) VALUES ('RU', 'Russische Föderation', 'RUSSIAN FEDERATION');
INSERT INTO zvs_country (pk_country_id, country_de, country_com) VALUES ('RW', 'Ruanda', 'RWANDA');
INSERT INTO zvs_country (pk_country_id, country_de, country_com) VALUES ('SH', 'Sankt Helena', 'SAINT HELENA');
INSERT INTO zvs_country (pk_country_id, country_de, country_com) VALUES ('KN', 'Sankt Kitts und Nevis', 'SAINT KITTS AND NEVIS');
INSERT INTO zvs_country (pk_country_id, country_de, country_com) VALUES ('LC', 'Sankt Lucia', 'SAINT LUCIA');
INSERT INTO zvs_country (pk_country_id, country_de, country_com) VALUES ('PM', 'Sankt Pierre und Miquelon', 'SAINT PIERRE AND MIQUELON');
INSERT INTO zvs_country (pk_country_id, country_de, country_com) VALUES ('VC', 'Sankt Vincent und die Grenadinen', 'SAINT VINCENT AND THE GRENADINES');
INSERT INTO zvs_country (pk_country_id, country_de, country_com) VALUES ('WS', 'Samoa', 'SAMOA');
INSERT INTO zvs_country (pk_country_id, country_de, country_com) VALUES ('SM', 'San Marino', 'SAN MARINO');
INSERT INTO zvs_country (pk_country_id, country_de, country_com) VALUES ('ST', 'Sao Tome und Principe', 'SAO TOME AND PRINCIPE');
INSERT INTO zvs_country (pk_country_id, country_de, country_com) VALUES ('SA', 'Saudi-Arabien', 'SAUDI ARABIA');
INSERT INTO zvs_country (pk_country_id, country_de, country_com) VALUES ('SN', 'Senegal', 'SENEGAL');
INSERT INTO zvs_country (pk_country_id, country_de, country_com) VALUES ('SC', 'Seychellen', 'SEYCHELLES');
INSERT INTO zvs_country (pk_country_id, country_de, country_com) VALUES ('SL', 'Sierra Leone', 'SIERRA LEONE');
INSERT INTO zvs_country (pk_country_id, country_de, country_com) VALUES ('SG', 'Singapur', 'SINGAPORE');
INSERT INTO zvs_country (pk_country_id, country_de, country_com) VALUES ('SK', 'Slowakei', 'SLOVAKIA');
INSERT INTO zvs_country (pk_country_id, country_de, country_com) VALUES ('SI', 'Slowenien', 'SLOVENIA');
INSERT INTO zvs_country (pk_country_id, country_de, country_com) VALUES ('SB', 'Solomon Islands', 'SOLOMON ISLANDS');
INSERT INTO zvs_country (pk_country_id, country_de, country_com) VALUES ('SO', 'Somalia', 'SOMALIA');
INSERT INTO zvs_country (pk_country_id, country_de, country_com) VALUES ('ZA', 'Südafrika', 'SOUTH AFRICA');
INSERT INTO zvs_country (pk_country_id, country_de, country_com) VALUES ('GS', 'South Georgia and the South Sandwich Islands', 'SOUTH GEORGIA AND THE SOUTH SANDWICH ISLANDS');
INSERT INTO zvs_country (pk_country_id, country_de, country_com) VALUES ('ES', 'Spanien', 'SPAIN');
INSERT INTO zvs_country (pk_country_id, country_de, country_com) VALUES ('LK', 'Sri Lanka', 'SRI LANKA');
INSERT INTO zvs_country (pk_country_id, country_de, country_com) VALUES ('SD', 'Sudan', 'SUDAN');
INSERT INTO zvs_country (pk_country_id, country_de, country_com) VALUES ('SR', 'Surinam', 'SURINAME');
INSERT INTO zvs_country (pk_country_id, country_de, country_com) VALUES ('SJ', 'Svalbard and Jan Mayen', 'SVALBARD AND JAN MAYEN');
INSERT INTO zvs_country (pk_country_id, country_de, country_com) VALUES ('SZ', 'Swaziland', 'SWAZILAND');
INSERT INTO zvs_country (pk_country_id, country_de, country_com) VALUES ('SE', 'Schweden', 'SWEDEN');
INSERT INTO zvs_country (pk_country_id, country_de, country_com) VALUES ('CH', 'Schweiz', 'SWITZERLAND');
INSERT INTO zvs_country (pk_country_id, country_de, country_com) VALUES ('SY', 'Syrian Arab Rebulic', 'SYRIAN ARAB REPUBLIC');
INSERT INTO zvs_country (pk_country_id, country_de, country_com) VALUES ('TW', 'Taiwan', 'TAIWAN, PROVINCE OF CHINA');
INSERT INTO zvs_country (pk_country_id, country_de, country_com) VALUES ('TJ', 'Tadschikistan', 'TAJIKISTAN');
INSERT INTO zvs_country (pk_country_id, country_de, country_com) VALUES ('TZ', 'Tansania', 'TANZANIA, UNITED REPUBLIC OF');
INSERT INTO zvs_country (pk_country_id, country_de, country_com) VALUES ('TH', 'Thailand', 'THAILAND');
INSERT INTO zvs_country (pk_country_id, country_de, country_com) VALUES ('TG', 'Togo', 'TOGO');
INSERT INTO zvs_country (pk_country_id, country_de, country_com) VALUES ('TK', 'Tokelau', 'TOKELAU');
INSERT INTO zvs_country (pk_country_id, country_de, country_com) VALUES ('TO', 'Tonga', 'TONGA');
INSERT INTO zvs_country (pk_country_id, country_de, country_com) VALUES ('TT', 'Trinidad und Tobago', 'TRINIDAD AND TOBAGO');
INSERT INTO zvs_country (pk_country_id, country_de, country_com) VALUES ('TN', 'Tunesien', 'TUNISIA');
INSERT INTO zvs_country (pk_country_id, country_de, country_com) VALUES ('TR', 'Türkei', 'TURKEY');
INSERT INTO zvs_country (pk_country_id, country_de, country_com) VALUES ('TM', 'Turkmenistan', 'TURKMENISTAN');
INSERT INTO zvs_country (pk_country_id, country_de, country_com) VALUES ('TC', 'Turks und Caicos Islands', 'TURKS AND CAICOS ISLANDS');
INSERT INTO zvs_country (pk_country_id, country_de, country_com) VALUES ('TV', 'Tuvalu', 'TUVALU');
INSERT INTO zvs_country (pk_country_id, country_de, country_com) VALUES ('UG', 'Uganda', 'UGANDA');
INSERT INTO zvs_country (pk_country_id, country_de, country_com) VALUES ('UA', 'Ukraine', 'UKRAINE');
INSERT INTO zvs_country (pk_country_id, country_de, country_com) VALUES ('AE', 'Vereinigte Arabische Emirate', 'UNITED ARAB EMIRATES');
INSERT INTO zvs_country (pk_country_id, country_de, country_com) VALUES ('GB', 'Großbritannien', 'UNITED KINGDOM');
INSERT INTO zvs_country (pk_country_id, country_de, country_com) VALUES ('US', 'USA', 'UNITED STATES');
INSERT INTO zvs_country (pk_country_id, country_de, country_com) VALUES ('UM', 'United States Minor Outlying Islands', 'UNITED STATES MINOR OUTLYING ISLANDS');
INSERT INTO zvs_country (pk_country_id, country_de, country_com) VALUES ('UY', 'Uruguay', 'URUGUAY');
INSERT INTO zvs_country (pk_country_id, country_de, country_com) VALUES ('UZ', 'Uzbekistan', 'UZBEKISTAN');
INSERT INTO zvs_country (pk_country_id, country_de, country_com) VALUES ('VU', 'Vanuatu', 'VANUATU');
INSERT INTO zvs_country (pk_country_id, country_de, country_com) VALUES ('VE', 'Venezuela', 'VENEZUELA');
INSERT INTO zvs_country (pk_country_id, country_de, country_com) VALUES ('VN', 'Vietnam', 'VIET NAM');
INSERT INTO zvs_country (pk_country_id, country_de, country_com) VALUES ('VG', 'Jungferninseln, Britische', 'VIRGIN ISLANDS, BRITISH');
INSERT INTO zvs_country (pk_country_id, country_de, country_com) VALUES ('VI', 'Jungferninseln, U.S.', 'VIRGIN ISLANDS, U.S.');
INSERT INTO zvs_country (pk_country_id, country_de, country_com) VALUES ('WF', 'Wallis und Futuna', 'WALLIS AND FUTUNA');
INSERT INTO zvs_country (pk_country_id, country_de, country_com) VALUES ('EH', 'Westliche Sahara', 'WESTERN SAHARA');
INSERT INTO zvs_country (pk_country_id, country_de, country_com) VALUES ('YE', 'Jemen', 'YEMEN');
INSERT INTO zvs_country (pk_country_id, country_de, country_com) VALUES ('YU', 'Jugoslavien', 'YUGOSLAVIA');
INSERT INTO zvs_country (pk_country_id, country_de, country_com) VALUES ('ZM', 'Sambia', 'ZAMBIA');
INSERT INTO zvs_country (pk_country_id, country_de, country_com) VALUES ('ZW', 'Simbabwe', 'ZIMBABWE');



#
# Dumping data for TABLE zvs_tax
#
INSERT INTO zvs_tax ( pk_tax_id , fk_country_id , tax , description ) VALUES ('1', 'DE', 'allgemeiner Mehrwertsteuersatz', 'allgemeiner Mehrwertsteuersatz');
INSERT INTO zvs_tax ( pk_tax_id , fk_country_id , tax , description ) VALUES ('2', 'DE', 'ermäßigter Mehrwertsteuersatz', 'ermäßigter Mehrwertsteuersatz, z.B. für "außer Haus" Artikel');
INSERT INTO zvs_tax ( pk_tax_id , fk_country_id , tax , description ) VALUES ('3', 'AT', 'allgemeiner Mehrwertsteuersatz', 'allgemeiner Mehrwertsteuersatz');
INSERT INTO zvs_tax ( pk_tax_id , fk_country_id , tax , description ) VALUES ('4', 'IT', 'allgemeiner Mehrwertsteuersatz', 'allgemeiner Mehrwertsteuersatz');
INSERT INTO _sequence_zvs_pk_tax_id (sequence) VALUES (4);


#
# Dumping data for TABLE zvs_tax_period
#
INSERT INTO zvs_tax_period (pk_tax_period_id, fk_tax_id, percentage, start_date, end_date) VALUES (1, 1, '16.00', '2000-01-01 00:00:00', '2010-01-01 00:00:00');
INSERT INTO zvs_tax_period (pk_tax_period_id, fk_tax_id, percentage, start_date, end_date) VALUES (2, 2, '07.00', '2000-01-01 00:00:00', '2010-01-01 00:00:00');
INSERT INTO zvs_tax_period (pk_tax_period_id, fk_tax_id, percentage, start_date, end_date) VALUES (3, 3, '16.00', '2000-01-01 00:00:00', '2010-01-01 00:00:00');
INSERT INTO zvs_tax_period (pk_tax_period_id, fk_tax_id, percentage, start_date, end_date) VALUES (4, 4, '16.00', '2000-01-01 00:00:00', '2010-01-01 00:00:00');
INSERT INTO _sequence_zvs_pk_tax_period_id (sequence) VALUES (4);

#
# Daten für Tabelle zvs_hotel
#
INSERT INTO zvs_hotel (pk_hotel_id, hotel, hotel_code, description, database_schema) VALUES (1, 'ZVS', 'ZVS', NULL, 'zvs_hotel01');
INSERT INTO _sequence_zvs_pk_hotel_id (sequence) VALUES (1);


#
# Dumping data for TABLE zvs_user
#
INSERT INTO zvs_user (pk_user_id, fk_hotel_id, lastname, firstname, login, password, locked, fk_language_id, inserted_date, fk_inserted_user_id, updated_date, fk_updated_user_id, deleted_date, fk_deleted_user_id) VALUES (1, 1, 'Administrator', '', 'admin', '21232f297a57a5a743894a0e4a801fc3', 'N', 1, '2004-10-17 17:55:33', 1, NULL, NULL, NULL, NULL);
INSERT INTO zvs_user (pk_user_id, fk_hotel_id, lastname, firstname, login, password, locked, fk_language_id, inserted_date, fk_inserted_user_id, updated_date, fk_updated_user_id, deleted_date, fk_deleted_user_id) VALUES (2, NULL, 'System', NULL, 'SYSTEM', '54b53072540eeeb8f8e9343e71f28176', 'Y', 2, '2003-08-20 19:02:48', 1, NULL, NULL, NULL, NULL);
INSERT INTO _sequence_zvs_pk_user_id (sequence) VALUES (2);


#
# Dumping data for TABLE zvs_default
#
INSERT INTO zvs_default (pk_default_id, default_name, description, fieldtype, string_value, integer_value, datetime_value, boolean_value, editable) VALUES (1, 'hotel_name', 'Hotel Name', 'string', 'Hotelname', NULL, NULL, NULL, 'Y');
INSERT INTO zvs_default (pk_default_id, default_name, description, fieldtype, string_value, integer_value, datetime_value, boolean_value, editable) VALUES (2, 'img_hotel_pdfimage', 'Bilddatei für PDFs', 'file', 'logopdf.png', NULL, NULL, NULL, 'Y');
INSERT INTO zvs_default (pk_default_id, default_name, description, fieldtype, string_value, integer_value, datetime_value, boolean_value, editable) VALUES (3, 'hotel_street', 'Hotel Straße', 'string', 'Straße', NULL, NULL, NULL, 'Y');
INSERT INTO zvs_default (pk_default_id, default_name, description, fieldtype, string_value, integer_value, datetime_value, boolean_value, editable) VALUES (4, 'hotel_zip', 'Hotel PLZ', 'int', NULL, 12345, NULL, NULL, 'Y');
INSERT INTO zvs_default (pk_default_id, default_name, description, fieldtype, string_value, integer_value, datetime_value, boolean_value, editable) VALUES (5, 'hotel_city', 'Hotel Ort', 'string', 'Ort', NULL, NULL, NULL, 'Y');
INSERT INTO zvs_default (pk_default_id, default_name, description, fieldtype, string_value, integer_value, datetime_value, boolean_value, editable) VALUES (6, 'colorP', 'Farbe für abgerechnete Buchungen', 'color', '#0033CC', NULL, NULL, NULL, 'Y');
INSERT INTO zvs_default (pk_default_id, default_name, description, fieldtype, string_value, integer_value, datetime_value, boolean_value, editable) VALUES (7, 'colorR', 'Farbe für Reservierungen', 'color', '#FFFF00', NULL, NULL, NULL, 'Y');
INSERT INTO zvs_default (pk_default_id, default_name, description, fieldtype, string_value, integer_value, datetime_value, boolean_value, editable) VALUES (8, 'colorB', 'Farbe für Buchungen', 'color', '#339966', NULL, NULL, NULL, 'Y');
INSERT INTO zvs_default (pk_default_id, default_name, description, fieldtype, string_value, integer_value, datetime_value, boolean_value, editable) VALUES (9, 'defaultreservationduration', 'Standardwert für die Haltbarkeit einer Reservierung in Tagen', 'string', NULL, 14, NULL, NULL, 'Y');
INSERT INTO zvs_default (pk_default_id, default_name, description, fieldtype, string_value, integer_value, datetime_value, boolean_value, editable) VALUES (10, 'hotel_webpage', 'Hotel Webseite', 'string', 'http://www.hotel.de', NULL, '2003-08-04 20:38:39', NULL, 'Y');
INSERT INTO zvs_default (pk_default_id, default_name, description, fieldtype, string_value, integer_value, datetime_value, boolean_value, editable) VALUES (11, 'vcard_version', 'VCard Version (\'2\' für 2.1 oder \'3\' für 3.0)', 'int', NULL, 2, NULL, NULL, 'Y');
INSERT INTO zvs_default (pk_default_id, default_name, description, fieldtype, string_value, integer_value, datetime_value, boolean_value, editable) VALUES (12, 'length_short_stay', 'Anzahl der Tage für Kurzaufenthalt', 'int', NULL , '3', '2004-02-22 14:33:00', NULL , 'Y');
INSERT INTO zvs_default (pk_default_id, default_name, description, fieldtype, string_value, integer_value, datetime_value, boolean_value, editable) VALUES (13, 'mwst_room', 'MwSt.-Satz für Zimmer', 'int', NULL , '10.00', '2004-02-23 21:10:44', NULL , 'Y');
INSERT INTO zvs_default (pk_default_id, default_name, description, fieldtype, string_value, integer_value, datetime_value, boolean_value, editable) VALUES (14, 'children1', 'Kinder1', 'string', 'Kinder bis 3' , NULL, '2004-02-23 21:10:44', NULL , 'Y');
INSERT INTO zvs_default (pk_default_id, default_name, description, fieldtype, string_value, integer_value, datetime_value, boolean_value, editable) VALUES (15, 'children2', 'Kinder2', 'string', 'Kinder bis 12' , NULL, '2004-02-23 21:10:44', NULL , 'Y');
INSERT INTO zvs_default (pk_default_id, default_name, description, fieldtype, string_value, integer_value, datetime_value, boolean_value, editable) VALUES (16, 'children3', 'Kinder3', 'string', 'Kinder bis 16' , NULL, '2004-02-23 21:10:44', NULL , 'Y');
INSERT INTO zvs_default (pk_default_id, default_name, description, fieldtype, string_value, integer_value, datetime_value, boolean_value, editable) VALUES (17, 'hotel_email', 'Hotel eMail', 'string', 'wiesenhof@tirol.com', NULL, '2004-07-10 20:23:53', NULL, 'Y');
INSERT INTO zvs_default (pk_default_id, default_name, description, fieldtype, string_value, integer_value, datetime_value, boolean_value, editable) VALUES (18, 'birthday_days', 'Anzahl der Tage für Geburtstagserinnerung', 'int', NULL, 5, NULL, NULL, 'Y');
INSERT INTO _sequence_zvs_pk_default_id (sequence) VALUES (18);
